{
    "0": {
        "precision": 0.9969293756397134,
        "recall": 0.9938775510204082,
        "f1-score": 0.9954011241696474,
        "support": 980.0
    },
    "1": {
        "precision": 0.9964788732394366,
        "recall": 0.9973568281938326,
        "f1-score": 0.9969176574196389,
        "support": 1135.0
    },
    "2": {
        "precision": 0.989433237271854,
        "recall": 0.998062015503876,
        "f1-score": 0.9937288953207911,
        "support": 1032.0
    },
    "3": {
        "precision": 0.9940535183349851,
        "recall": 0.9930693069306931,
        "f1-score": 0.9935611688954928,
        "support": 1010.0
    },
    "4": {
        "precision": 0.9939024390243902,
        "recall": 0.9959266802443992,
        "f1-score": 0.9949135300101729,
        "support": 982.0
    },
    "5": {
        "precision": 0.9910414333706606,
        "recall": 0.992152466367713,
        "f1-score": 0.9915966386554622,
        "support": 892.0
    },
    "6": {
        "precision": 0.9947698744769874,
        "recall": 0.9926931106471816,
        "f1-score": 0.9937304075235109,
        "support": 958.0
    },
    "7": {
        "precision": 0.9951076320939335,
        "recall": 0.9892996108949417,
        "f1-score": 0.9921951219512195,
        "support": 1028.0
    },
    "8": {
        "precision": 0.9918032786885246,
        "recall": 0.9938398357289527,
        "f1-score": 0.9928205128205129,
        "support": 974.0
    },
    "9": {
        "precision": 0.9900596421471173,
        "recall": 0.9871159563924677,
        "f1-score": 0.9885856079404467,
        "support": 1009.0
    },
    "accuracy": 0.9934,
    "macro avg": {
        "precision": 0.9933579304287601,
        "recall": 0.9933393361924466,
        "f1-score": 0.9933450664706897,
        "support": 10000.0
    },
    "weighted avg": {
        "precision": 0.9934051375235731,
        "recall": 0.9934,
        "f1-score": 0.9933989305236178,
        "support": 10000.0
    }
}