{
    "0": {
        "precision": 0.9949031600407747,
        "recall": 0.9959183673469387,
        "f1-score": 0.9954105048444671,
        "support": 980.0
    },
    "1": {
        "precision": 0.9964664310954063,
        "recall": 0.9938325991189427,
        "f1-score": 0.9951477723864137,
        "support": 1135.0
    },
    "2": {
        "precision": 0.9961127308066083,
        "recall": 0.9932170542635659,
        "f1-score": 0.9946627850557982,
        "support": 1032.0
    },
    "3": {
        "precision": 0.960952380952381,
        "recall": 0.999009900990099,
        "f1-score": 0.9796116504854369,
        "support": 1010.0
    },
    "4": {
        "precision": 0.9959016393442623,
        "recall": 0.9898167006109979,
        "f1-score": 0.992849846782431,
        "support": 982.0
    },
    "5": {
        "precision": 0.9919540229885058,
        "recall": 0.9674887892376681,
        "f1-score": 0.9795686719636776,
        "support": 892.0
    },
    "6": {
        "precision": 0.993704092339979,
        "recall": 0.988517745302714,
        "f1-score": 0.9911041339612768,
        "support": 958.0
    },
    "7": {
        "precision": 0.9922330097087378,
        "recall": 0.9941634241245136,
        "f1-score": 0.9931972789115646,
        "support": 1028.0
    },
    "8": {
        "precision": 0.9958634953464323,
        "recall": 0.9887063655030801,
        "f1-score": 0.9922720247295209,
        "support": 974.0
    },
    "9": {
        "precision": 0.9861660079051383,
        "recall": 0.9890981169474727,
        "f1-score": 0.987629886194953,
        "support": 1009.0
    },
    "accuracy": 0.9903,
    "macro avg": {
        "precision": 0.9904256970528225,
        "recall": 0.9899769063445992,
        "f1-score": 0.9901454555315539,
        "support": 10000.0
    },
    "weighted avg": {
        "precision": 0.9904339738315373,
        "recall": 0.9903,
        "f1-score": 0.9903124652819233,
        "support": 10000.0
    }
}